{
    "$schema": "https://schema.management.azure.com/schemas/2019-04-01/deploymentTemplate.json#",
    "contentVersion": "1.0.0.0",
    "parameters": {
        "workflows_DeleteGuestsAfterGracePeriod_name": {
            "defaultValue": "DeleteGuestsAfterGracePeriod",
            "type": "String"
        },
        "connections_office365groups_externalid": {
            "defaultValue": "/subscriptions/2d0dfdf2-2d6c-406e-9163-2b0ff24f70b0/resourceGroups/EntraSec/providers/Microsoft.Web/connections/office365groups",
            "type": "String"
        }
    },
    "variables": {},
    "resources": [
        {
            "type": "Microsoft.Logic/workflows",
            "apiVersion": "2017-07-01",
            "name": "[parameters('workflows_DeleteGuestsAfterGracePeriod_name')]",
            "location": "westeurope",
            "identity": {
                "type": "SystemAssigned"
            },
            "properties": {
                "state": "Enabled",
                "definition": {
                    "$schema": "https://schema.management.azure.com/providers/Microsoft.Logic/schemas/2016-06-01/workflowdefinition.json#",
                    "contentVersion": "1.0.0.0",
                    "parameters": {
                        "groupID": {
                            "defaultValue": "5f2ab4fc-561c-4251-adc5-53b69b63e37e",
                            "type": "String"
                        },
                        "GracePeriodInDays": {
                            "defaultValue": 30,
                            "type": "Int"
                        },
                        "ReportOnly": {
                            "defaultValue": true,
                            "type": "Bool"
                        },
                        "Audience": {
                            "defaultValue": "https://graph.microsoft.com",
                            "type": "String"
                        },
                        "$connections": {
                            "defaultValue": {},
                            "type": "Object"
                        }
                    },
                    "triggers": {
                        "Recurrence": {
                            "recurrence": {
                                "interval": 1,
                                "frequency": "Day",
                                "timeZone": "W. Europe Standard Time",
                                "schedule": {
                                    "hours": [
                                        10
                                    ],
                                    "minutes": [
                                        30
                                    ]
                                }
                            },
                            "evaluatedRecurrence": {
                                "interval": 1,
                                "frequency": "Day",
                                "timeZone": "W. Europe Standard Time",
                                "schedule": {
                                    "hours": [
                                        10
                                    ],
                                    "minutes": [
                                        30
                                    ]
                                }
                            },
                            "type": "Recurrence"
                        }
                    },
                    "actions": {
                        "Initialize_Grace_Period_Threshold": {
                            "runAfter": {},
                            "type": "InitializeVariable",
                            "inputs": {
                                "variables": [
                                    {
                                        "name": "GracePeriodThreshold",
                                        "type": "string",
                                        "value": "@{formatDateTime(addDays(utcNow(), mul(int(parameters('GracePeriodInDays')), -1)), 'yyyy-MM-ddTHH:mm:ssZ')}"
                                    }
                                ]
                            }
                        },
                        "Initialize_Users_To_Delete": {
                            "runAfter": {
                                "Initialize_Grace_Period_Threshold": [
                                    "Succeeded"
                                ]
                            },
                            "type": "InitializeVariable",
                            "inputs": {
                                "variables": [
                                    {
                                        "name": "UsersToDelete",
                                        "type": "array",
                                        "value": []
                                    }
                                ]
                            }
                        },
                        "Initialize_Users_In_Grace": {
                            "runAfter": {
                                "Initialize_Users_To_Delete": [
                                    "Succeeded"
                                ]
                            },
                            "type": "InitializeVariable",
                            "inputs": {
                                "variables": [
                                    {
                                        "name": "UsersInGrace",
                                        "type": "array",
                                        "value": []
                                    }
                                ]
                            }
                        },
                        "Initialize_Deleted_Users": {
                            "runAfter": {
                                "Initialize_Users_In_Grace": [
                                    "Succeeded"
                                ]
                            },
                            "type": "InitializeVariable",
                            "inputs": {
                                "variables": [
                                    {
                                        "name": "DeletedUsers",
                                        "type": "array",
                                        "value": []
                                    }
                                ]
                            }
                        },
                        "Initialize_Error_Log": {
                            "runAfter": {
                                "Initialize_Deleted_Users": [
                                    "Succeeded"
                                ]
                            },
                            "type": "InitializeVariable",
                            "inputs": {
                                "variables": [
                                    {
                                        "name": "ErrorLog",
                                        "type": "array",
                                        "value": []
                                    }
                                ]
                            }
                        },
                        "List_group_members": {
                            "runAfter": {
                                "Initialize_Error_Log": [
                                    "Succeeded"
                                ]
                            },
                            "type": "ApiConnection",
                            "inputs": {
                                "host": {
                                    "connection": {
                                        "name": "@parameters('$connections')['office365groups']['connectionId']"
                                    }
                                },
                                "method": "get",
                                "path": "/v1.0/groups/@{encodeURIComponent(parameters('groupID'))}/members"
                            },
                            "runtimeConfiguration": {
                                "paginationPolicy": {
                                    "minimumItemCount": 50000
                                }
                            }
                        },
                        "For_each_user": {
                            "foreach": "@body('List_group_members')?['value']",
                            "actions": {
                                "Get_User_Extension_Attributes": {
                                    "type": "Http",
                                    "inputs": {
                                        "uri": "https://graph.microsoft.com/v1.0/users/@{item()?['id']}?$select=displayName,userPrincipalName,onPremisesExtensionAttributes",
                                        "method": "GET",
                                        "authentication": {
                                            "type": "ManagedServiceIdentity",
                                            "audience": "@{parameters('Audience')}"
                                        }
                                    },
                                    "runtimeConfiguration": {
                                        "contentTransfer": {
                                            "transferMode": "Chunked"
                                        }
                                    }
                                },
                                "Parse_Sunset_Timestamp": {
                                    "runAfter": {
                                        "Get_User_Extension_Attributes": [
                                            "Succeeded"
                                        ]
                                    },
                                    "type": "Compose",
                                    "inputs": "@body('Get_User_Extension_Attributes')?['onPremisesExtensionAttributes']?['extensionAttribute15']"
                                },
                                "Calculate_Days_Since_Sunset": {
                                    "runAfter": {
                                        "Parse_Sunset_Timestamp": [
                                            "Succeeded"
                                        ]
                                    },
                                    "type": "Compose",
                                    "inputs": "@div(sub(ticks(utcNow()), ticks(outputs('Parse_Sunset_Timestamp'))), 864000000000)"
                                },
                                "Calculate_Remaining_Grace_Days": {
                                    "runAfter": {
                                        "Calculate_Days_Since_Sunset": [
                                            "Succeeded"
                                        ]
                                    },
                                    "type": "Compose",
                                    "inputs": "@sub(int(parameters('GracePeriodInDays')), outputs('Calculate_Days_Since_Sunset'))"
                                },
                                "Check_Grace_Period_Expired": {
                                    "actions": {
                                        "Add_to_Users_To_Delete": {
                                            "type": "AppendToArrayVariable",
                                            "inputs": {
                                                "name": "UsersToDelete",
                                                "value": {
                                                    "userId": "@{item()?['id']}",
                                                    "displayName": "@{body('Get_User_Extension_Attributes')?['displayName']}",
                                                    "userPrincipalName": "@{body('Get_User_Extension_Attributes')?['userPrincipalName']}",
                                                    "sunsetTimestamp": "@{outputs('Parse_Sunset_Timestamp')}",
                                                    "daysSinceSunset": "@{outputs('Calculate_Days_Since_Sunset')}",
                                                    "gracePeriodExpired": true,
                                                    "daysOverdue": "@{sub(outputs('Calculate_Days_Since_Sunset'), int(parameters('GracePeriodInDays')))}"
                                                }
                                            }
                                        },
                                        "Check_ReportOnly_Mode_Delete": {
                                            "actions": {
                                                "Delete_User_Account": {
                                                    "type": "Http",
                                                    "inputs": {
                                                        "uri": "https://graph.microsoft.com/v1.0/users/@{item()?['id']}",
                                                        "method": "DELETE",
                                                        "authentication": {
                                                            "type": "ManagedServiceIdentity",
                                                            "audience": "@{parameters('Audience')}"
                                                        }
                                                    },
                                                    "runtimeConfiguration": {
                                                        "contentTransfer": {
                                                            "transferMode": "Chunked"
                                                        }
                                                    }
                                                },
                                                "Add_to_Deleted_Users_Success": {
                                                    "runAfter": {
                                                        "Delete_User_Account": [
                                                            "Succeeded"
                                                        ]
                                                    },
                                                    "type": "AppendToArrayVariable",
                                                    "inputs": {
                                                        "name": "DeletedUsers",
                                                        "value": {
                                                            "userId": "@{item()?['id']}",
                                                            "displayName": "@{body('Get_User_Extension_Attributes')?['displayName']}",
                                                            "userPrincipalName": "@{body('Get_User_Extension_Attributes')?['userPrincipalName']}",
                                                            "sunsetTimestamp": "@{outputs('Parse_Sunset_Timestamp')}",
                                                            "daysSinceSunset": "@{outputs('Calculate_Days_Since_Sunset')}",
                                                            "daysOverdue": "@{sub(outputs('Calculate_Days_Since_Sunset'), int(parameters('GracePeriodInDays')))}",
                                                            "deletionTimestamp": "@{utcNow()}",
                                                            "status": "Successfully deleted"
                                                        }
                                                    }
                                                },
                                                "Add_to_Deleted_Users_Failed": {
                                                    "runAfter": {
                                                        "Delete_User_Account": [
                                                            "Failed"
                                                        ]
                                                    },
                                                    "type": "AppendToArrayVariable",
                                                    "inputs": {
                                                        "name": "ErrorLog",
                                                        "value": {
                                                            "userId": "@{item()?['id']}",
                                                            "displayName": "@{body('Get_User_Extension_Attributes')?['displayName']}",
                                                            "userPrincipalName": "@{body('Get_User_Extension_Attributes')?['userPrincipalName']}",
                                                            "error": "Failed to delete user account",
                                                            "timestamp": "@{utcNow()}"
                                                        }
                                                    }
                                                }
                                            },
                                            "runAfter": {
                                                "Add_to_Users_To_Delete": [
                                                    "Succeeded"
                                                ]
                                            },
                                            "else": {
                                                "actions": {}
                                            },
                                            "expression": {
                                                "and": [
                                                    {
                                                        "equals": [
                                                            "@parameters('ReportOnly')",
                                                            false
                                                        ]
                                                    }
                                                ]
                                            },
                                            "type": "If"
                                        }
                                    },
                                    "runAfter": {
                                        "Calculate_Remaining_Grace_Days": [
                                            "Succeeded"
                                        ]
                                    },
                                    "else": {
                                        "actions": {
                                            "Add_to_Users_In_Grace": {
                                                "type": "AppendToArrayVariable",
                                                "inputs": {
                                                    "name": "UsersInGrace",
                                                    "value": {
                                                        "userId": "@{item()?['id']}",
                                                        "displayName": "@{body('Get_User_Extension_Attributes')?['displayName']}",
                                                        "userPrincipalName": "@{body('Get_User_Extension_Attributes')?['userPrincipalName']}",
                                                        "sunsetTimestamp": "@{outputs('Parse_Sunset_Timestamp')}",
                                                        "daysSinceSunset": "@{outputs('Calculate_Days_Since_Sunset')}",
                                                        "remainingGraceDays": "@{outputs('Calculate_Remaining_Grace_Days')}",
                                                        "gracePeriodExpired": false
                                                    }
                                                }
                                            }
                                        }
                                    },
                                    "expression": {
                                        "and": [
                                            {
                                                "less": [
                                                    "@outputs('Parse_Sunset_Timestamp')",
                                                    "@variables('GracePeriodThreshold')"
                                                ]
                                            }
                                        ]
                                    },
                                    "type": "If"
                                }
                            },
                            "runAfter": {
                                "List_group_members": [
                                    "Succeeded"
                                ]
                            },
                            "type": "Foreach"
                        },
                        "Generate_JSON_Report": {
                            "runAfter": {
                                "For_each_user": [
                                    "Succeeded"
                                ]
                            },
                            "type": "Compose",
                            "inputs": {
                                "reportMetadata": {
                                    "runDate": "@formatDateTime(utcNow(), 'yyyy-MM-dd HH:mm:ss')",
                                    "mode": "@if(parameters('ReportOnly'), 'Report Only', 'Production')",
                                    "gracePeriodDays": "@parameters('GracePeriodInDays')",
                                    "gracePeriodThreshold": "@variables('GracePeriodThreshold')"
                                },
                                "summary": {
                                    "totalUsersInSunsetGroup": "@length(body('List_group_members')?['value'])",
                                    "usersInGracePeriod": "@length(variables('UsersInGrace'))",
                                    "usersWithExpiredGrace": "@length(variables('UsersToDelete'))",
                                    "usersActuallyDeleted": "@length(variables('DeletedUsers'))",
                                    "errorsEncountered": "@length(variables('ErrorLog'))"
                                },
                                "usersInGracePeriod": "@variables('UsersInGrace')",
                                "usersWithExpiredGrace": "@variables('UsersToDelete')",
                                "deletedUsers": "@variables('DeletedUsers')",
                                "errors": "@variables('ErrorLog')"
                            }
                        }
                    },
                    "outputs": {
                        "report": {
                            "type": "Object",
                            "value": "@outputs('Generate_JSON_Report')"
                        }
                    }
                },
                "parameters": {
                    "$connections": {
                        "value": {
                            "office365groups": {
                                "id": "/subscriptions/2d0dfdf2-2d6c-406e-9163-2b0ff24f70b0/providers/Microsoft.Web/locations/westeurope/managedApis/office365groups",
                                "connectionId": "[parameters('connections_office365groups_externalid')]",
                                "connectionName": "office365groups",
                                "connectionProperties": {
                                    "authentication": {
                                        "type": "ManagedServiceIdentity"
                                    }
                                }
                            }
                        }
                    }
                }
            }
        }
    ]
}