{
    "$schema": "https://schema.management.azure.com/schemas/2019-04-01/deploymentTemplate.json#",
    "contentVersion": "1.0.0.0",
    "parameters": {
        "workflows_NotityOnDocsChanges_name": {
            "defaultValue": "NotityOnDocsChanges",
            "type": "String"
        },
        "connections_office365_externalid": {
            "defaultValue": "/subscriptions/e0a2e597-6c68-4428-bd7e-48a3ba1d5500/resourceGroups/Demo/providers/Microsoft.Web/connections/office365",
            "type": "String"
        }
    },
    "variables": {},
    "resources": [
        {
            "type": "Microsoft.Logic/workflows",
            "apiVersion": "2017-07-01",
            "name": "[parameters('workflows_NotityOnDocsChanges_name')]",
            "location": "westeurope",
            "properties": {
                "state": "Enabled",
                "definition": {
                    "$schema": "https://schema.management.azure.com/providers/Microsoft.Logic/schemas/2016-06-01/workflowdefinition.json#",
                    "contentVersion": "1.0.0.0",
                    "parameters": {
                        "$connections": {
                            "defaultValue": {},
                            "type": "Object"
                        }
                    },
                    "triggers": {
                        "Recurrence": {
                            "recurrence": {
                                "frequency": "Day",
                                "interval": 1,
                                "schedule": {
                                    "hours": [
                                        "8"
                                    ]
                                }
                            },
                            "evaluatedRecurrence": {
                                "frequency": "Day",
                                "interval": 1,
                                "schedule": {
                                    "hours": [
                                        "8"
                                    ]
                                }
                            },
                            "type": "Recurrence"
                        }
                    },
                    "actions": {
                        "Check_if_variable_has_any_items": {
                            "actions": {},
                            "runAfter": {
                                "For_each": [
                                    "Succeeded"
                                ]
                            },
                            "else": {
                                "actions": {
                                    "Send_an_email_(V2)": {
                                        "runAfter": {},
                                        "type": "ApiConnection",
                                        "inputs": {
                                            "body": {
                                                "Body": "<p>These are the new commits per subpage:<br>\n<br>\n@{outputs('HTML_Styling_CSS')}@{variables('HTML tables')}</p>",
                                                "Importance": "Normal",
                                                "Subject": "New report on GitHub commits for Azure AD!",
                                                "To": "dummy@changeme.com"
                                            },
                                            "host": {
                                                "connection": {
                                                    "name": "@parameters('$connections')['office365']['connectionId']"
                                                }
                                            },
                                            "method": "post",
                                            "path": "/v2/Mail"
                                        }
                                    }
                                }
                            },
                            "expression": {
                                "or": [
                                    {
                                        "equals": [
                                            "@variables('HTML tables')",
                                            "@null"
                                        ]
                                    },
                                    {
                                        "equals": [
                                            "@length(variables('HTML tables'))",
                                            0
                                        ]
                                    }
                                ]
                            },
                            "type": "If"
                        },
                        "Compose_subpages": {
                            "runAfter": {
                                "Initialize_HTML_Tables": [
                                    "Succeeded"
                                ]
                            },
                            "type": "Compose",
                            "inputs": [
                                "cloud-sync",
                                "authentication",
                                "conditional-access",
                                "fundamentals",
                                "identity-protection",
                                "hybrid",
                                "manage-apps",
                                "devices",
                                "app-proxy"
                            ]
                        },
                        "For_each": {
                            "foreach": "@body('Parse_subpages')",
                            "actions": {
                                "Condition": {
                                    "actions": {
                                        "Append_to_string_variable": {
                                            "runAfter": {},
                                            "type": "AppendToStringVariable",
                                            "inputs": {
                                                "name": "HTML tables",
                                                "value": "====== Subpage: @{items('For_each')} (@{length(body('Filter_commits'))} new commits!) ======\n\n\n@{replace(replace(replace(body('Create_HTML_table'),'&lt;','<'),'&gt;','>'),'&quot;','\"')}\n\n\n\n"
                                            }
                                        }
                                    },
                                    "runAfter": {
                                        "Create_HTML_table": [
                                            "Succeeded"
                                        ]
                                    },
                                    "expression": {
                                        "and": [
                                            {
                                                "not": {
                                                    "equals": [
                                                        "@length(body('Filter_commits'))",
                                                        0
                                                    ]
                                                }
                                            }
                                        ]
                                    },
                                    "type": "If"
                                },
                                "Create_HTML_table": {
                                    "runAfter": {
                                        "Filter_commits": [
                                            "Succeeded"
                                        ]
                                    },
                                    "type": "Table",
                                    "inputs": {
                                        "columns": [
                                            {
                                                "header": "Name",
                                                "value": "@item()?['commit']?['author']?['name']"
                                            },
                                            {
                                                "header": "Date",
                                                "value": "@formatDateTime(item()?['commit']?['author']?['date'],'dd-MMMM-yyyy')"
                                            },
                                            {
                                                "header": "Message",
                                                "value": "@item()?['commit']?['message']"
                                            },
                                            {
                                                "header": "URL",
                                                "value": "@concat('<a href=\"', item()?['html_url'], '\">Show me!</a>')"
                                            }
                                        ],
                                        "format": "HTML",
                                        "from": "@body('Filter_commits')"
                                    }
                                },
                                "Filter_commits": {
                                    "runAfter": {
                                        "Parse_commits": [
                                            "Succeeded"
                                        ]
                                    },
                                    "type": "Query",
                                    "inputs": {
                                        "from": "@body('Parse_commits')",
                                        "where": "@greater(item()?['commit']?['author']?['date'], addDays(utcNow(), -1))"
                                    }
                                },
                                "Get_commits": {
                                    "runAfter": {},
                                    "type": "Http",
                                    "inputs": {
                                        "headers": {
                                            "accept": "application/vnd.github.v3+json"
                                        },
                                        "method": "GET",
                                        "uri": "@{variables('prefix')}@{variables('repo')}commits?path=@{variables('path')}@{items('For_each')}"
                                    }
                                },
                                "Parse_commits": {
                                    "runAfter": {
                                        "Get_commits": [
                                            "Succeeded"
                                        ]
                                    },
                                    "type": "ParseJson",
                                    "inputs": {
                                        "content": "@body('Get_commits')",
                                        "schema": {
                                            "items": {
                                                "properties": {
                                                    "author": {
                                                        "properties": {
                                                            "avatar_url": {
                                                                "type": "string"
                                                            },
                                                            "events_url": {
                                                                "type": "string"
                                                            },
                                                            "followers_url": {
                                                                "type": "string"
                                                            },
                                                            "following_url": {
                                                                "type": "string"
                                                            },
                                                            "gists_url": {
                                                                "type": "string"
                                                            },
                                                            "gravatar_id": {
                                                                "type": "string"
                                                            },
                                                            "html_url": {
                                                                "type": "string"
                                                            },
                                                            "id": {
                                                                "type": "integer"
                                                            },
                                                            "login": {
                                                                "type": "string"
                                                            },
                                                            "node_id": {
                                                                "type": "string"
                                                            },
                                                            "organizations_url": {
                                                                "type": "string"
                                                            },
                                                            "received_events_url": {
                                                                "type": "string"
                                                            },
                                                            "repos_url": {
                                                                "type": "string"
                                                            },
                                                            "site_admin": {
                                                                "type": "boolean"
                                                            },
                                                            "starred_url": {
                                                                "type": "string"
                                                            },
                                                            "subscriptions_url": {
                                                                "type": "string"
                                                            },
                                                            "type": {
                                                                "type": "string"
                                                            },
                                                            "url": {
                                                                "type": "string"
                                                            }
                                                        },
                                                        "type": [
                                                            "object",
                                                            "null"
                                                        ]
                                                    },
                                                    "comments_url": {
                                                        "type": "string"
                                                    },
                                                    "commit": {
                                                        "properties": {
                                                            "author": {
                                                                "properties": {
                                                                    "date": {
                                                                        "type": "string"
                                                                    },
                                                                    "email": {
                                                                        "type": "string"
                                                                    },
                                                                    "name": {
                                                                        "type": "string"
                                                                    }
                                                                },
                                                                "type": [
                                                                    "object",
                                                                    "null"
                                                                ]
                                                            },
                                                            "comment_count": {
                                                                "type": "integer"
                                                            },
                                                            "committer": {
                                                                "properties": {
                                                                    "date": {
                                                                        "type": "string"
                                                                    },
                                                                    "email": {
                                                                        "type": "string"
                                                                    },
                                                                    "name": {
                                                                        "type": "string"
                                                                    }
                                                                },
                                                                "type": [
                                                                    "object",
                                                                    "null"
                                                                ]
                                                            },
                                                            "message": {
                                                                "type": [
                                                                    "string",
                                                                    "null"
                                                                ]
                                                            },
                                                            "tree": {
                                                                "properties": {
                                                                    "sha": {
                                                                        "type": "string"
                                                                    },
                                                                    "url": {
                                                                        "type": "string"
                                                                    }
                                                                },
                                                                "type": "object"
                                                            },
                                                            "url": {
                                                                "type": "string"
                                                            },
                                                            "verification": {
                                                                "properties": {
                                                                    "payload": {},
                                                                    "reason": {
                                                                        "type": "string"
                                                                    },
                                                                    "signature": {},
                                                                    "verified": {
                                                                        "type": "boolean"
                                                                    }
                                                                },
                                                                "type": "object"
                                                            }
                                                        },
                                                        "type": "object"
                                                    },
                                                    "committer": {
                                                        "properties": {
                                                            "avatar_url": {
                                                                "type": "string"
                                                            },
                                                            "events_url": {
                                                                "type": "string"
                                                            },
                                                            "followers_url": {
                                                                "type": "string"
                                                            },
                                                            "following_url": {
                                                                "type": "string"
                                                            },
                                                            "gists_url": {
                                                                "type": "string"
                                                            },
                                                            "gravatar_id": {
                                                                "type": "string"
                                                            },
                                                            "html_url": {
                                                                "type": "string"
                                                            },
                                                            "id": {
                                                                "type": "integer"
                                                            },
                                                            "login": {
                                                                "type": "string"
                                                            },
                                                            "node_id": {
                                                                "type": "string"
                                                            },
                                                            "organizations_url": {
                                                                "type": "string"
                                                            },
                                                            "received_events_url": {
                                                                "type": "string"
                                                            },
                                                            "repos_url": {
                                                                "type": "string"
                                                            },
                                                            "site_admin": {
                                                                "type": "boolean"
                                                            },
                                                            "starred_url": {
                                                                "type": "string"
                                                            },
                                                            "subscriptions_url": {
                                                                "type": "string"
                                                            },
                                                            "type": {
                                                                "type": "string"
                                                            },
                                                            "url": {
                                                                "type": "string"
                                                            }
                                                        },
                                                        "type": [
                                                            "object",
                                                            "null"
                                                        ]
                                                    },
                                                    "html_url": {
                                                        "type": "string"
                                                    },
                                                    "node_id": {
                                                        "type": "string"
                                                    },
                                                    "parents": {
                                                        "items": {
                                                            "properties": {
                                                                "html_url": {
                                                                    "type": "string"
                                                                },
                                                                "sha": {
                                                                    "type": "string"
                                                                },
                                                                "url": {
                                                                    "type": "string"
                                                                }
                                                            },
                                                            "required": [
                                                                "sha",
                                                                "url",
                                                                "html_url"
                                                            ],
                                                            "type": "object"
                                                        },
                                                        "type": "array"
                                                    },
                                                    "sha": {
                                                        "type": "string"
                                                    },
                                                    "url": {
                                                        "type": "string"
                                                    }
                                                },
                                                "required": [
                                                    "sha",
                                                    "node_id",
                                                    "commit",
                                                    "url",
                                                    "html_url",
                                                    "comments_url",
                                                    "author",
                                                    "committer",
                                                    "parents"
                                                ],
                                                "type": "object"
                                            },
                                            "type": "array"
                                        }
                                    }
                                }
                            },
                            "runAfter": {
                                "HTML_Styling_CSS": [
                                    "Succeeded"
                                ]
                            },
                            "type": "Foreach"
                        },
                        "HTML_Styling_CSS": {
                            "runAfter": {
                                "Parse_subpages": [
                                    "Succeeded"
                                ]
                            },
                            "type": "Compose",
                            "inputs": "<style>\ntable {\n  border: 1px solid #1C6EA4;\n  background-color: #EEEEEE;\n  width: 100%;\n  text-align: left;\n  border-collapse: collapse;\n}\ntable td, table th {\n  border: 1px solid #AAAAAA;\n  padding: 3px 2px;\n}\ntable tbody td {\n  font-size: 13px;\n}\ntable thead {\n  background: #1C6EA4;\n  border-bottom: 2px solid #444444;\n}\ntable thead th {\n  font-size: 15px;\n  font-weight: bold;\n  color: #FFFFFF;\n  border-left: 2px solid #D0E4F5;\n}\ntable thead th:first-child {\n  border-left: none;\n}\n</style>"
                        },
                        "Initialize_GitHub_API_prefix": {
                            "runAfter": {},
                            "type": "InitializeVariable",
                            "inputs": {
                                "variables": [
                                    {
                                        "name": "prefix",
                                        "type": "string",
                                        "value": "https://api.github.com/repos/"
                                    }
                                ]
                            }
                        },
                        "Initialize_HTML_Tables": {
                            "runAfter": {
                                "Initialize_path": [
                                    "Succeeded"
                                ]
                            },
                            "type": "InitializeVariable",
                            "inputs": {
                                "variables": [
                                    {
                                        "name": "HTML tables",
                                        "type": "string"
                                    }
                                ]
                            }
                        },
                        "Initialize_path": {
                            "runAfter": {
                                "Initialize_repo": [
                                    "Succeeded"
                                ]
                            },
                            "type": "InitializeVariable",
                            "inputs": {
                                "variables": [
                                    {
                                        "name": "path",
                                        "type": "string",
                                        "value": "/articles/active-directory/"
                                    }
                                ]
                            }
                        },
                        "Initialize_repo": {
                            "runAfter": {
                                "Initialize_GitHub_API_prefix": [
                                    "Succeeded"
                                ]
                            },
                            "type": "InitializeVariable",
                            "inputs": {
                                "variables": [
                                    {
                                        "name": "repo",
                                        "type": "string",
                                        "value": "MicrosoftDocs/azure-docs/"
                                    }
                                ]
                            }
                        },
                        "Parse_subpages": {
                            "runAfter": {
                                "Compose_subpages": [
                                    "Succeeded"
                                ]
                            },
                            "type": "ParseJson",
                            "inputs": {
                                "content": "@outputs('Compose_subpages')",
                                "schema": {
                                    "items": {
                                        "type": "string"
                                    },
                                    "type": "array"
                                }
                            }
                        }
                    },
                    "outputs": {}
                },
                "parameters": {
                    "$connections": {
                        "value": {
                            "office365": {
                                "connectionId": "[parameters('connections_office365_externalid')]",
                                "connectionName": "office365",
                                "id": "/subscriptions/e0a2e597-6c68-4428-bd7e-48a3ba1d5500/providers/Microsoft.Web/locations/westeurope/managedApis/office365"
                            }
                        }
                    }
                }
            }
        }
    ]
}