{
    "$schema": "https://schema.management.azure.com/schemas/2019-04-01/deploymentTemplate.json#",
    "contentVersion": "1.0.0.0",
    "parameters": {},
    "variables": {},
    "resources": [
        {
            "type": "Microsoft.Logic/workflows",
            "apiVersion": "2017-07-01",
            "name": "SecurityInfoAlerts",
            "location": "westeurope",
            "identity": {
                "type": "SystemAssigned"
            },
            "properties": {
                "state": "Enabled",
                "definition": {
                    "$schema": "https://schema.management.azure.com/providers/Microsoft.Logic/schemas/2016-06-01/workflowdefinition.json#",
                    "contentVersion": "1.0.0.0",
                    "parameters": {
                        "$connections": {
                            "defaultValue": {},
                            "type": "Object"
                        }
                    },
                    "triggers": {
                        "When_events_are_available_in_Event_Hub": {
                            "recurrence": {
                                "frequency": "Minute",
                                "interval": 1
                            },
                            "evaluatedRecurrence": {
                                "frequency": "Minute",
                                "interval": 1
                            },
                            "splitOn": "@triggerBody()",
                            "type": "ApiConnection",
                            "inputs": {
                                "host": {
                                    "connection": {
                                        "name": "@parameters('$connections')['eventhubs']['connectionId']"
                                    }
                                },
                                "method": "get",
                                "path": "/@{encodeURIComponent('entraidauditlogs')}/events/batch/head",
                                "queries": {
                                    "consumerGroupName": "$Default",
                                    "contentType": "application/json",
                                    "maximumEventsCount": 50
                                }
                            },
                            "conditions": [
                                {
                                    "expression": "@equals(triggerOutputs()?['body']?['ContentData']?['records'][0]['properties']?['loggedByService'],'Authentication Methods')"
                                }
                            ]
                        }
                    },
                    "actions": {
                        "For_each": {
                            "foreach": "@Triggerbody()?['ContentData']?['records']",
                            "actions": {
                                "Condition": {
                                    "actions": {
                                        "ComposeEmailBody": {
                                            "runAfter": {},
                                            "type": "Compose",
                                            "inputs": "<div>\n <h2>\n     You recently changed your authentication methods\n </h2>\n <p>\n     We have been notified of the following action: <b>@{items('For_each')?['operationName']}</b> on <b>@{formatDateTime(items('For_each')?['time'], 'g')}</b>. <br><br>\n     If you initiated this, no action is required. <br><br>\n     If this event does not look familiar, please report it now. <br><br>\n\n<b>Activity:</b> @{items('For_each')?['operationName']}<br>\n<b>Details:</b> @{items('For_each')?['resultDescription']}<br>\n<b>Time:</b> @{formatDateTime(items('For_each')?['time'], 'g')}<br>\n<b>InitiatorUPN:</b> @{items('For_each')?['properties']?['initiatedBy']?['user']?['userPrincipalName']}<br>\n<b>IP-Address:</b> @{items('For_each')?['properties']?['initiatedBy']?['user']?['ipAddress']}<br>\n<br><br>\n     <b>Instructions</b>\n     <ol>\n         <li>Review your account activity in <a href=\"https://mysignins.microsoft.com/security-info\" class=\"link\">Microsoft Security Info</a>.</li>\n         <li>If you do not recognize this action, report it immediately and take action:</li>\n         <ul>\n             <li>Inform your manager (reply in cc)</li>\n             <li>Delete any authentication method you don't know.</li>\n         </ul>\n     </ol>\n     <b>Information and Support</b>\n     <ul>\n         <li>Technical Assistance - Contact <a href=\"#\" class=\"link\">Helpdesk</a> support services</li>\n     </ul>\n     <b>Do NOT reply to this email. This is an unmonitored mailbox.</b><br>\n     For more help, contact  <a href=\"https://en.wikipedia.org/wiki/The_A-Team\" class=\"link\">The A-Team</a>\n     <br><br>\n     <div class=\"footer\">\n         <br>Facilitated by<br><br>\n         <img src=\"https://janbakker.tech/wp-content/uploads/2020/02/JanBakkerTechLogo.png\" alt=\"JanBakker.tech\" style=\"height:70px;\">\n     </div>\n     <style>\n         .link {\n             text-decoration:none;\n             color: #0078D4\n         }\n         button {\n             background-color: #0078D4;\n             color: white;\n             padding: 10px;\n             border-radius: 5px;\n             text-decoration: none;\n\n         }\n         button:hover {\n             cursor: pointer;\n         }\n         .footer {\n             width: 100%;\n             height: 10%;\n             padding-top: 10px;\n             padding-left: 10px;\n             padding-right: 10px;\n             background-color: rgb(237, 237, 237);\n         }\n     </style>\n </p>\n</div>"
                                        },
                                        "GetManager": {
                                            "runAfter": {
                                                "GetUserInfo": [
                                                    "Succeeded"
                                                ]
                                            },
                                            "type": "Http",
                                            "inputs": {
                                                "authentication": {
                                                    "audience": "https://graph.microsoft.com",
                                                    "type": "ManagedServiceIdentity"
                                                },
                                                "method": "GET",
                                                "uri": "https://graph.microsoft.com/v1.0/users/@{items('For_each')?['properties']?['targetResources'][0]?['id']}/manager"
                                            }
                                        },
                                        "GetUserInfo": {
                                            "runAfter": {
                                                "ComposeEmailBody": [
                                                    "Succeeded"
                                                ]
                                            },
                                            "type": "Http",
                                            "inputs": {
                                                "authentication": {
                                                    "audience": "https://graph.microsoft.com",
                                                    "type": "ManagedServiceIdentity"
                                                },
                                                "method": "GET",
                                                "uri": "https://graph.microsoft.com/v1.0/users/@{items('For_each')?['properties']?['targetResources'][0]?['id']}"
                                            }
                                        },
                                        "SendAlertbyEmail": {
                                            "runAfter": {
                                                "GetManager": [
                                                    "Succeeded",
                                                    "Failed"
                                                ]
                                            },
                                            "type": "Http",
                                            "inputs": {
                                                "authentication": {
                                                    "audience": "https://graph.microsoft.com",
                                                    "type": "ManagedServiceIdentity"
                                                },
                                                "body": {
                                                    "message": {
                                                        "body": {
                                                            "content": "@outputs('ComposeEmailBody')",
                                                            "contentType": "HTML"
                                                        },
                                                        "ccRecipients": [
                                                            {
                                                                "emailAddress": {
                                                                    "address": "@{body('GetManager')?['mail']}"
                                                                }
                                                            }
                                                        ],
                                                        "subject": "Security notification for @{body('GetUserInfo')?['displayName']}",
                                                        "toRecipients": [
                                                            {
                                                                "emailAddress": {
                                                                    "address": "@{body('GetUserInfo')?['mail']}"
                                                                }
                                                            }
                                                        ]
                                                    },
                                                    "saveToSentItems": "false"
                                                },
                                                "method": "POST",
                                                "uri": "https://graph.microsoft.com/beta/users/alerting@M365x341716.onmicrosoft.com/sendMail"
                                            }
                                        }
                                    },
                                    "runAfter": {},
                                    "expression": {
                                        "and": [
                                            {
                                                "or": [
                                                    {
                                                        "contains": [
                                                            "@items('For_each')?['operationName']",
                                                            "registered security info"
                                                        ]
                                                    },
                                                    {
                                                        "contains": [
                                                            "@items('For_each')?['operationName']",
                                                            "deleted security info"
                                                        ]
                                                    },
                                                    {
                                                        "contains": [
                                                            "@items('For_each')?['operationName']",
                                                            "updated security info"
                                                        ]
                                                    }
                                                ]
                                            },
                                            {
                                                "and": [
                                                    {
                                                        "equals": [
                                                            "@items('For_each')?['properties']?['result']",
                                                            "success"
                                                        ]
                                                    }
                                                ]
                                            }
                                        ]
                                    },
                                    "type": "If",
                                    "description": "Filter for successful changes to security info"
                                }
                            },
                            "runAfter": {},
                            "type": "Foreach"
                        }
                    },
                    "outputs": {}
                },
                "parameters": {
                    "$connections": {
                        "value": {
                            "eventhubs": {
                                "connectionId": "/subscriptions/e0a2e597-6c68-4428-bd7e-48a3ba1d5500/resourceGroups/Demo/providers/Microsoft.Web/connections/eventhubs-6",
                                "connectionName": "eventhubs-6",
                                "connectionProperties": {
                                    "authentication": {
                                        "type": "ManagedServiceIdentity"
                                    }
                                },
                                "id": "/subscriptions/e0a2e597-6c68-4428-bd7e-48a3ba1d5500/providers/Microsoft.Web/locations/westeurope/managedApis/eventhubs"
                            }
                        }
                    }
                }
            }
        }
    ]
}