{
    "$schema": "https://schema.management.azure.com/schemas/2019-04-01/deploymentTemplate.json#",
    "contentVersion": "1.0.0.0",
    "parameters": {
        "workflows_SendTemporaryAccessPassToNewJoiners_name": {
            "defaultValue": "SendTemporaryAccessPassToNewJoiners",
            "type": "String"
        }
    },
    "variables": {},
    "resources": [
        {
            "type": "Microsoft.Logic/workflows",
            "apiVersion": "2017-07-01",
            "name": "[parameters('workflows_SendTemporaryAccessPassToNewJoiners_name')]",
            "location": "westeurope",
            "identity": {
                "type": "SystemAssigned"
            },
            "properties": {
                "state": "Enabled",
                "definition": {
                    "$schema": "https://schema.management.azure.com/providers/Microsoft.Logic/schemas/2016-06-01/workflowdefinition.json#",
                    "contentVersion": "1.0.0.0",
                    "parameters": {
                        "GroupID": {
                            "defaultValue": "8c52f8c6-5836-48ad-bd9e-c9d4fd26bf01",
                            "type": "String"
                        },
                        "Audience": {
                            "defaultValue": "https://graph.microsoft.com",
                            "type": "String"
                        },
                        "TAPlifetimeInMinutes": {
                            "defaultValue": 10080,
                            "type": "Int"
                        },
                        "TAPisUsableOnce": {
                            "defaultValue": true,
                            "type": "Bool"
                        },
                        "FromMailboxAddress": {
                            "defaultValue": "lcm@entrasec.onmicrosoft.com",
                            "type": "String"
                        },
                        "$connections": {
                            "defaultValue": {},
                            "type": "Object"
                        }
                    },
                    "triggers": {
                        "Recurrence": {
                            "recurrence": {
                                "interval": 24,
                                "frequency": "Hour",
                                "timeZone": "W. Europe Standard Time",
                                "startTime": "2025-06-09T17:00:00Z"
                            },
                            "evaluatedRecurrence": {
                                "interval": 24,
                                "frequency": "Hour",
                                "timeZone": "W. Europe Standard Time",
                                "startTime": "2025-06-09T17:00:00Z"
                            },
                            "type": "Recurrence"
                        }
                    },
                    "actions": {
                        "GetPreHires": {
                            "runAfter": {},
                            "type": "Http",
                            "inputs": {
                                "uri": "https://graph.microsoft.com/v1.0/groups/@{parameters('GroupID')}/members",
                                "method": "GET",
                                "authentication": {
                                    "type": "ManagedServiceIdentity",
                                    "audience": "@{parameters('Audience')}"
                                }
                            },
                            "runtimeConfiguration": {
                                "contentTransfer": {
                                    "transferMode": "Chunked"
                                }
                            }
                        },
                        "For_each": {
                            "foreach": "@body('GetPreHires')?['value']",
                            "actions": {
                                "CheckForExistingTAP": {
                                    "type": "Http",
                                    "inputs": {
                                        "uri": "https://graph.microsoft.com/v1.0/users/@{items('For_each')?['userPrincipalName']}/authentication/temporaryAccessPassMethods",
                                        "method": "GET",
                                        "authentication": {
                                            "type": "ManagedServiceIdentity",
                                            "audience": "@{parameters('Audience')}"
                                        }
                                    },
                                    "runtimeConfiguration": {
                                        "contentTransfer": {
                                            "transferMode": "Chunked"
                                        }
                                    }
                                },
                                "Condition": {
                                    "actions": {
                                        "Get_Manager_Info": {
                                            "type": "Http",
                                            "inputs": {
                                                "uri": "https://graph.microsoft.com/v1.0/users/@{items('For_each')?['userPrincipalName']}/manager",
                                                "method": "GET",
                                                "authentication": {
                                                    "type": "ManagedServiceIdentity",
                                                    "audience": "@{parameters('Audience')}"
                                                }
                                            },
                                            "runtimeConfiguration": {
                                                "contentTransfer": {
                                                    "transferMode": "Chunked"
                                                }
                                            }
                                        },
                                        "Get_UserDetails": {
                                            "runAfter": {
                                                "Get_Manager_Info": [
                                                    "Succeeded"
                                                ]
                                            },
                                            "type": "Http",
                                            "inputs": {
                                                "uri": "https://graph.microsoft.com/beta/users/@{items('For_each')?['userPrincipalName']}",
                                                "method": "GET",
                                                "queries": {
                                                    "$select": "userPrincipalName,mail,otherMails,id,employeeHireDate,displayName,givenName,onPremisesExtensionAttributes"
                                                },
                                                "authentication": {
                                                    "type": "ManagedServiceIdentity",
                                                    "audience": "@{parameters('Audience')}"
                                                }
                                            },
                                            "runtimeConfiguration": {
                                                "contentTransfer": {
                                                    "transferMode": "Chunked"
                                                }
                                            }
                                        },
                                        "CreateTAP": {
                                            "runAfter": {
                                                "Get_UserDetails": [
                                                    "Succeeded"
                                                ]
                                            },
                                            "type": "Http",
                                            "inputs": {
                                                "uri": "https://graph.microsoft.com/v1.0/users/@{item()?['userPrincipalName']}/authentication/temporaryAccessPassMethods",
                                                "method": "POST",
                                                "body": {
                                                    "lifetimeInMinutes": "@parameters('TAPlifetimeInMinutes')",
                                                    "isUsableOnce": "@parameters('TAPisUsableOnce')"
                                                },
                                                "authentication": {
                                                    "type": "ManagedServiceIdentity",
                                                    "audience": "@{parameters('Audience')}"
                                                }
                                            },
                                            "runtimeConfiguration": {
                                                "contentTransfer": {
                                                    "transferMode": "Chunked"
                                                }
                                            }
                                        },
                                        "ComposeEmailBody": {
                                            "runAfter": {
                                                "CreateTAP": [
                                                    "Succeeded"
                                                ]
                                            },
                                            "type": "Compose",
                                            "inputs": {
                                                "message": {
                                                    "body": {
                                                        "content": "<p>Dear @{body('Get_UserDetails')?['givenName']},<br><br>Welcome to EntraSec! We're excited to have you join our team starting on @{formatDateTime(body('Get_UserDetails')?['employeeHireDate'], 'dddd, MMMM dd, yyyy')}. <br><br>To get you started with accessing our systems, we've created a Temporary Access Pass (TAP) for your account. This will allow you to sign in and set up your passwordless authentication methods.<br><br>Your Temporary Access Pass Details:<br><br>Username: @{body('Get_UserDetails')?['userPrincipalName']}<br>Temporary Access Pass: <b>@{body('CreateTAP')?['temporaryAccessPass']}</b><br>Valid until: @{formatDateTime(addMinutes(body('CreateTAP')?['startDateTime'], body('CreateTAP')?['lifetimeInMinutes']), 'dddd, MMMM dd, yyyy \\a\\t h:mm tt \\U\\T\\C')}<br>Can be used: Once only<br><br>Your manager, @{body('Get_Manager_Info')?['displayName']}, is in cc, so reach out by email if you need help.</p>",
                                                        "contentType": "HTML"
                                                    },
                                                    "subject": "Welcome to EntraSec - Your Temporary Access Pass",
                                                    "toRecipients": [
                                                        {
                                                            "emailAddress": {
                                                                "address": "@{first(body('Get_UserDetails')?['otherMails'])}"
                                                            }
                                                        }
                                                    ],
                                                    "ccRecipients": [
                                                        {
                                                            "emailAddress": {
                                                                "address": "@{body('Get_Manager_Info')?['mail']}"
                                                            }
                                                        }
                                                    ]
                                                },
                                                "saveToSentItems": "false"
                                            }
                                        },
                                        "SendMail": {
                                            "runAfter": {
                                                "ComposeEmailBody": [
                                                    "Succeeded"
                                                ]
                                            },
                                            "type": "Http",
                                            "inputs": {
                                                "uri": "https://graph.microsoft.com/v1.0/users/@{parameters('FromMailboxAddress')}/sendMail",
                                                "method": "POST",
                                                "body": "@outputs('ComposeEmailBody')",
                                                "authentication": {
                                                    "type": "ManagedServiceIdentity",
                                                    "audience": "@{parameters('Audience')}"
                                                }
                                            },
                                            "runtimeConfiguration": {
                                                "contentTransfer": {
                                                    "transferMode": "Chunked"
                                                }
                                            }
                                        }
                                    },
                                    "runAfter": {
                                        "CheckForExistingTAP": [
                                            "Succeeded"
                                        ]
                                    },
                                    "else": {
                                        "actions": {}
                                    },
                                    "expression": {
                                        "and": [
                                            {
                                                "equals": [
                                                    "@length(body('CheckForExistingTAP')?['value'])",
                                                    0
                                                ]
                                            }
                                        ]
                                    },
                                    "type": "If"
                                }
                            },
                            "runAfter": {
                                "GetPreHires": [
                                    "Succeeded"
                                ]
                            },
                            "type": "Foreach"
                        }
                    },
                    "outputs": {}
                },
                "parameters": {
                    "$connections": {
                        "value": {}
                    }
                }
            }
        }
    ]
}