{
    "$schema": "https://schema.management.azure.com/schemas/2019-04-01/deploymentTemplate.json#",
    "contentVersion": "1.0.0.0",
    "parameters": {},
    "variables": {},
    "resources": [
        {
            "type": "Microsoft.Logic/workflows",
            "apiVersion": "2017-07-01",
            "name": "MailboxSizeReporter",
            "location": "westeurope",
            "identity": {
                "type": "SystemAssigned"
            },
            "properties": {
                "state": "Enabled",
                "definition": {
                    "$schema": "https://schema.management.azure.com/providers/Microsoft.Logic/schemas/2016-06-01/workflowdefinition.json#",
                    "contentVersion": "1.0.0.0",
                    "parameters": {
                        "$connections": {
                            "defaultValue": {},
                            "type": "Object"
                        }
                    },
                    "triggers": {
                        "Recurrence": {
                            "recurrence": {
                                "frequency": "Day",
                                "interval": 5
                            },
                            "evaluatedRecurrence": {
                                "frequency": "Day",
                                "interval": 5
                            },
                            "type": "Recurrence"
                        }
                    },
                    "actions": {
                        "AdminEmail": {
                            "runAfter": {
                                "SendReportToAdmin": [
                                    "Succeeded"
                                ]
                            },
                            "type": "InitializeVariable",
                            "inputs": {
                                "variables": [
                                    {
                                        "name": "AdminEmail",
                                        "type": "string",
                                        "value": "admin@M365x341716.OnMicrosoft.com"
                                    }
                                ]
                            }
                        },
                        "AlertThreshold": {
                            "runAfter": {
                                "AdminEmail": [
                                    "Succeeded"
                                ]
                            },
                            "type": "InitializeVariable",
                            "inputs": {
                                "variables": [
                                    {
                                        "name": "AlertThreshold",
                                        "type": "float",
                                        "value": 75
                                    }
                                ]
                            }
                        },
                        "Filter_array": {
                            "runAfter": {
                                "Parse_JSON": [
                                    "Succeeded"
                                ]
                            },
                            "type": "Query",
                            "inputs": {
                                "from": "@body('Parse_JSON')?['value']",
                                "where": "@equals(item()?['isDeleted'], false)"
                            }
                        },
                        "For_each": {
                            "foreach": "@body('Filter_array')",
                            "actions": {
                                "AddToReportArray": {
                                    "runAfter": {
                                        "Condition": [
                                            "Succeeded"
                                        ]
                                    },
                                    "type": "AppendToArrayVariable",
                                    "inputs": {
                                        "name": "Report",
                                        "value": {
                                            "01. DisplayName": "@items('For_each')?['displayName']",
                                            "02. UPN": "@items('For_each')?['userPrincipalName']",
                                            "03. MailboxType": "@items('For_each')?['recipientType']",
                                            "04. in Use (GB)": "@{outputs('Compose_MailboxStorageUsedInGB')} GB",
                                            "05. in Use (MB)": "@{outputs('Compose_MailboxStorageUsedInMB')} MB",
                                            "06. Percentage": "@{formatNumber(outputs('Compose_MailboxPercentageInUse'),'F2')}%",
                                            "07. QuotaWarning": "@{outputs('Compose_MailboxIssueWarningQuotaInGB')} GB",
                                            "08. QuotaSend": "@{outputs('Compose_MailboxprohibitSendQuotaInGB')} GB",
                                            "09. QuotaSendReceive": "@{outputs('Compose_MailboxprohibitSendReceiveQuotaInGB')} GB",
                                            "10. Report Refresh Date": "@outputs('Compose_Report_Refresh_Date')",
                                            "11. Last Activity Date": "@outputs('Compose_Last_Activity_Date')",
                                            "12. Quota Status": "@outputs('Compose_Quota_Status')"
                                        }
                                    }
                                },
                                "Compose_Last_Activity_Date": {
                                    "runAfter": {
                                        "Compose_MailboxprohibitSendReceiveQuotaInGB": [
                                            "Succeeded"
                                        ]
                                    },
                                    "type": "Compose",
                                    "inputs": "@if(empty(items('For_each')?['lastActivityDate']),'Not found',formatDateTime(items('For_each')?['lastActivityDate'],'D'))"
                                },
                                "Compose_MailboxIssueWarningQuotaInBytes": {
                                    "runAfter": {
                                        "Compose_MailboxStorageUsedInBytes": [
                                            "Succeeded"
                                        ]
                                    },
                                    "type": "Compose",
                                    "inputs": "@float(items('For_each')?['issueWarningQuotaInBytes'])"
                                },
                                "Compose_MailboxIssueWarningQuotaInGB": {
                                    "runAfter": {
                                        "Compose_MailboxStorageUsedInMB": [
                                            "Succeeded"
                                        ]
                                    },
                                    "type": "Compose",
                                    "inputs": "@formatNumber(div(outputs('Compose_MailboxIssueWarningQuotaInBytes'),1073741824),'F0')"
                                },
                                "Compose_MailboxPercentageInUse": {
                                    "runAfter": {
                                        "Compose_MailboxIssueWarningQuotaInBytes": [
                                            "Succeeded"
                                        ]
                                    },
                                    "type": "Compose",
                                    "inputs": "@mul(div(outputs('Compose_MailboxStorageUsedInBytes'),outputs('Compose_MailboxIssueWarningQuotaInBytes')),100)"
                                },
                                "Compose_MailboxStorageUsedInBytes": {
                                    "runAfter": {},
                                    "type": "Compose",
                                    "inputs": "@float(items('For_each')?['storageUsedInBytes'])"
                                },
                                "Compose_MailboxStorageUsedInGB": {
                                    "runAfter": {
                                        "Compose_MailboxPercentageInUse": [
                                            "Succeeded"
                                        ]
                                    },
                                    "type": "Compose",
                                    "inputs": "@formatNumber(div(outputs('Compose_MailboxStorageUsedInBytes'),1073741824),'F2')"
                                },
                                "Compose_MailboxStorageUsedInMB": {
                                    "runAfter": {
                                        "Compose_MailboxStorageUsedInGB": [
                                            "Succeeded"
                                        ]
                                    },
                                    "type": "Compose",
                                    "inputs": "@formatNumber(div(outputs('Compose_MailboxStorageUsedInBytes'),1048576),'F0')"
                                },
                                "Compose_MailboxprohibitSendQuotaInGB": {
                                    "runAfter": {
                                        "Compose_MailboxIssueWarningQuotaInGB": [
                                            "Succeeded"
                                        ]
                                    },
                                    "type": "Compose",
                                    "inputs": "@formatNumber(div(float(items('For_each')?['prohibitSendQuotaInBytes']),1073741824),'F0')"
                                },
                                "Compose_MailboxprohibitSendReceiveQuotaInGB": {
                                    "runAfter": {
                                        "Compose_MailboxprohibitSendQuotaInGB": [
                                            "Succeeded"
                                        ]
                                    },
                                    "type": "Compose",
                                    "inputs": "@formatNumber(div(int(items('For_each')?['prohibitSendReceiveQuotaInBytes']),1073741824),'F0')"
                                },
                                "Compose_Quota_Status": {
                                    "runAfter": {
                                        "Compose_Report_Refresh_Date": [
                                            "Succeeded"
                                        ]
                                    },
                                    "type": "Compose",
                                    "inputs": "@if(less(items('For_each')?['storageUsedInBytes'],items('For_each')?['prohibitSendReceiveQuotaInBytes']),if(less(items('For_each')?['storageUsedInBytes'],items('For_each')?['prohibitSendQuotaInBytes']),if(less(items('For_each')?['storageUsedInBytes'],items('For_each')?['issueWarningQuotaInBytes']),'D. Good (under limits)','C. Warning Issued'),'B. Send Prohibited'),'A. Send & Receive Prohibited')"
                                },
                                "Compose_Report_Refresh_Date": {
                                    "runAfter": {
                                        "Compose_Last_Activity_Date": [
                                            "Succeeded"
                                        ]
                                    },
                                    "type": "Compose",
                                    "inputs": "@formatDateTime(items('For_each')?['reportRefreshDate'],'D')"
                                },
                                "Condition": {
                                    "actions": {
                                        "GetUserInfo": {
                                            "runAfter": {},
                                            "type": "Http",
                                            "inputs": {
                                                "authentication": {
                                                    "audience": "https://graph.microsoft.com",
                                                    "type": "ManagedServiceIdentity"
                                                },
                                                "method": "GET",
                                                "uri": "https://graph.microsoft.com/beta/users/@{items('For_each')?['userPrincipalName']}?$select=displayName,givenName,mail"
                                            }
                                        },
                                        "ParseUserInfo": {
                                            "runAfter": {
                                                "GetUserInfo": [
                                                    "Succeeded"
                                                ]
                                            },
                                            "type": "ParseJson",
                                            "inputs": {
                                                "content": "@body('GetUserInfo')",
                                                "schema": {
                                                    "properties": {
                                                        "@@odata.context": {
                                                            "type": "string"
                                                        },
                                                        "displayName": {
                                                            "type": "string"
                                                        },
                                                        "givenName": {
                                                            "type": "string"
                                                        },
                                                        "mail": {
                                                            "type": "string"
                                                        }
                                                    },
                                                    "type": "object"
                                                }
                                            }
                                        },
                                        "Send_an_email_(V2)": {
                                            "runAfter": {
                                                "ParseUserInfo": [
                                                    "Succeeded"
                                                ]
                                            },
                                            "type": "ApiConnection",
                                            "inputs": {
                                                "body": {
                                                    "Body": "<p>Hey @{body('ParseUserInfo')?['givenName']},<br>\n<br>\nAccording to our latest report, your mailbox is almost running out of space.<br>\n<br>\nStorage in use: <strong></strong><strong>@{outputs('Compose_MailboxStorageUsedInGB')}</strong><strong> GB (</strong><strong>@{formatNumber(mul(div(outputs('Compose_MailboxStorageUsedInBytes'), outputs('Compose_MailboxIssueWarningQuotaInBytes')), 100), 'F2')}</strong><strong>%)</strong><br>\nYou will receive a warning at: <strong></strong><strong>@{outputs('Compose_MailboxIssueWarningQuotaInGB')}</strong><strong> GB</strong><br>\nSending email is prohibited at: &nbsp;<strong></strong><strong>@{outputs('Compose_MailboxprohibitSendQuotaInGB')}</strong><strong> GB</strong><br>\nSend and receive is prohibited at: <strong></strong><strong>@{outputs('Compose_MailboxprohibitSendReceiveQuotaInGB')}</strong><strong> GB<br>\n</strong>Report refresh date: <strong></strong><strong>@{outputs('Compose_Report_Refresh_Date')}</strong><strong></strong><br>\n<br>\nHere is a quick and easy way to gain more insights, and clean-up the items you no longer need: <a href=\"https://outlook.office.com/mail/options/general/storage\">Exchange Online Storage Overview</a><br>\n&nbsp;</p>",
                                                    "Importance": "High",
                                                    "Subject": "Your mailbox is running out of space!",
                                                    "To": "@body('ParseUserInfo')?['mail']"
                                                },
                                                "host": {
                                                    "connection": {
                                                        "name": "@parameters('$connections')['office365']['connectionId']"
                                                    }
                                                },
                                                "method": "post",
                                                "path": "/v2/Mail"
                                            }
                                        }
                                    },
                                    "runAfter": {
                                        "Compose_Quota_Status": [
                                            "Succeeded"
                                        ]
                                    },
                                    "expression": {
                                        "and": [
                                            {
                                                "greater": [
                                                    "@outputs('Compose_MailboxPercentageInUse')",
                                                    "@variables('AlertThreshold')"
                                                ]
                                            },
                                            {
                                                "equals": [
                                                    "@variables('SendIndividualAlertToEachMailbox')",
                                                    "@true"
                                                ]
                                            }
                                        ]
                                    },
                                    "type": "If"
                                }
                            },
                            "runAfter": {
                                "Filter_array": [
                                    "Succeeded"
                                ]
                            },
                            "type": "Foreach"
                        },
                        "GetUsageReport": {
                            "runAfter": {
                                "Report": [
                                    "Succeeded"
                                ]
                            },
                            "type": "Http",
                            "inputs": {
                                "authentication": {
                                    "audience": "https://graph.microsoft.com",
                                    "type": "ManagedServiceIdentity"
                                },
                                "method": "GET",
                                "uri": "https://graph.microsoft.com/beta/reports/getMailboxUsageDetail(period='D7')?$format=application/json"
                            }
                        },
                        "Parse_JSON": {
                            "runAfter": {
                                "GetUsageReport": [
                                    "Succeeded"
                                ]
                            },
                            "type": "ParseJson",
                            "inputs": {
                                "content": "@body('GetUsageReport')",
                                "schema": {
                                    "properties": {
                                        "value": {
                                            "items": {
                                                "properties": {
                                                    "createdDate": {
                                                        "type": "string"
                                                    },
                                                    "deletedDate": {},
                                                    "deletedItemCount": {
                                                        "type": "integer"
                                                    },
                                                    "deletedItemQuota": {
                                                        "type": "integer"
                                                    },
                                                    "deletedItemSizeInBytes": {
                                                        "type": "integer"
                                                    },
                                                    "displayName": {
                                                        "type": "string"
                                                    },
                                                    "hasArchive": {
                                                        "type": "boolean"
                                                    },
                                                    "isDeleted": {
                                                        "type": "boolean"
                                                    },
                                                    "issueWarningQuotaInBytes": {
                                                        "type": "integer"
                                                    },
                                                    "itemCount": {
                                                        "type": "integer"
                                                    },
                                                    "lastActivityDate": {
                                                        "type": [
                                                            "string",
                                                            "null"
                                                        ]
                                                    },
                                                    "prohibitSendQuotaInBytes": {
                                                        "type": "integer"
                                                    },
                                                    "prohibitSendReceiveQuotaInBytes": {
                                                        "type": "integer"
                                                    },
                                                    "recipientType": {
                                                        "type": "string"
                                                    },
                                                    "reportPeriod": {
                                                        "type": "string"
                                                    },
                                                    "reportRefreshDate": {
                                                        "type": "string"
                                                    },
                                                    "storageUsedInBytes": {
                                                        "type": "integer"
                                                    },
                                                    "userPrincipalName": {
                                                        "type": "string"
                                                    }
                                                },
                                                "required": [
                                                    "reportRefreshDate",
                                                    "userPrincipalName",
                                                    "displayName",
                                                    "isDeleted",
                                                    "deletedDate",
                                                    "createdDate",
                                                    "lastActivityDate",
                                                    "itemCount",
                                                    "storageUsedInBytes",
                                                    "deletedItemCount",
                                                    "deletedItemSizeInBytes",
                                                    "deletedItemQuota",
                                                    "hasArchive",
                                                    "recipientType",
                                                    "issueWarningQuotaInBytes",
                                                    "prohibitSendQuotaInBytes",
                                                    "prohibitSendReceiveQuotaInBytes",
                                                    "reportPeriod"
                                                ],
                                                "type": "object"
                                            },
                                            "type": "array"
                                        }
                                    },
                                    "type": "object"
                                }
                            }
                        },
                        "Report": {
                            "runAfter": {
                                "AlertThreshold": [
                                    "Succeeded"
                                ]
                            },
                            "type": "InitializeVariable",
                            "inputs": {
                                "variables": [
                                    {
                                        "name": "Report",
                                        "type": "array"
                                    }
                                ]
                            }
                        },
                        "SendIndividualAlertToEachMailbox": {
                            "runAfter": {},
                            "type": "InitializeVariable",
                            "inputs": {
                                "variables": [
                                    {
                                        "name": "SendIndividualAlertToEachMailbox",
                                        "type": "boolean",
                                        "value": "@true"
                                    }
                                ]
                            }
                        },
                        "SendReportToAdmin": {
                            "runAfter": {
                                "SendIndividualAlertToEachMailbox": [
                                    "Succeeded"
                                ]
                            },
                            "type": "InitializeVariable",
                            "inputs": {
                                "variables": [
                                    {
                                        "name": "SendReportToAdmin",
                                        "type": "boolean",
                                        "value": "@true"
                                    }
                                ]
                            }
                        },
                        "Send_Admin_Report": {
                            "actions": {
                                "CSS_Styling_HTML_Table": {
                                    "runAfter": {
                                        "Create_HTML_table": [
                                            "Succeeded"
                                        ]
                                    },
                                    "type": "Compose",
                                    "inputs": "<style>\ntable {\n  border: 1px solid #1C6EA4;\n  background-color: #EEEEEE;\n  width: 100%;\n  text-align: left;\n  border-collapsea: collapse;\n}\ntable td, table th {\n  border: 1px solid #AAAAAA;\n  padding: 3px 2px;\n}\ntable tbody td {\n  font-size: 13px;\n}\ntable thead {\n  background: #17576B;\n  border-bottom: 2px solid #444444;\n}\ntable thead th {\n  font-size: 15px;\n  font-weight: bold;\n  color: #FFFFFF;\n  border-left: 2px solid #D0E4F5;\n}\ntable thead th:first-child {\n  border-left: none;\n}\n</style>"
                                },
                                "Create_HTML_table": {
                                    "runAfter": {
                                        "Sort_Array": [
                                            "Succeeded"
                                        ]
                                    },
                                    "type": "Table",
                                    "inputs": {
                                        "format": "HTML",
                                        "from": "@outputs('Sort_Array')"
                                    }
                                },
                                "Send_an_email_(V2)_2": {
                                    "runAfter": {
                                        "CSS_Styling_HTML_Table": [
                                            "Succeeded"
                                        ]
                                    },
                                    "type": "ApiConnection",
                                    "inputs": {
                                        "body": {
                                            "Body": "<p>Hey!<br>\n<br>\nCheck out this Usage report for Exchange Online. <br>\n<br>\n@{outputs('CSS_Styling_HTML_Table')}@{body('Create_HTML_table')}</p>",
                                            "Importance": "Normal",
                                            "Subject": "Exchange Online Usage Report",
                                            "To": "@variables('AdminEmail')"
                                        },
                                        "host": {
                                            "connection": {
                                                "name": "@parameters('$connections')['office365']['connectionId']"
                                            }
                                        },
                                        "method": "post",
                                        "path": "/v2/Mail"
                                    }
                                },
                                "Sort_Array": {
                                    "runAfter": {},
                                    "type": "Compose",
                                    "inputs": "@sort(variables('Report'),'12. Quota Status')"
                                }
                            },
                            "runAfter": {
                                "For_each": [
                                    "Succeeded"
                                ]
                            },
                            "expression": {
                                "and": [
                                    {
                                        "equals": [
                                            "@variables('SendReportToAdmin')",
                                            "@true"
                                        ]
                                    }
                                ]
                            },
                            "type": "If"
                        }
                    },
                    "outputs": {}
                },
                "parameters": {
                    "$connections": {
                        "value": {
                            "office365": {
                                "connectionId": "/subscriptions/2d0dfdf2-2d6c-406e-9163-2b0ff24f70b0/resourceGroups/LogicApps/providers/Microsoft.Web/connections/office365",
                                "connectionName": "office365",
                                "id": "/subscriptions/2d0dfdf2-2d6c-406e-9163-2b0ff24f70b0/providers/Microsoft.Web/locations/westeurope/managedApis/office365"
                            }
                        }
                    }
                }
            }
        }
    ]
}