{
    "$schema": "https://schema.management.azure.com/schemas/2019-04-01/deploymentTemplate.json#",
    "contentVersion": "1.0.0.0",
    "parameters": {
        "connections_office365_name": {
            "defaultValue": "office365",
            "type": "String"
        }
    },
    "variables": {},
    "resources": [
        {
            "type": "Microsoft.Web/connections",
            "apiVersion": "2016-06-01",
            "name": "[parameters('connections_office365_name')]",
            "location": "westeurope",
            "kind": "V1",
            "properties": {
                "displayName": "Office 365 Outlook",
                "statuses": [
                    {
                        "status": "Connected"
                    }
                ],
                "customParameterValues": {},
                "nonSecretParameterValues": {},
                "createdTime": "2022-12-29T15:15:09.7717923Z",
                "changedTime": "2022-12-29T16:06:27.6241104Z",
                "api": {
                    "name": "[parameters('connections_office365_name')]",
                    "displayName": "Office 365 Outlook",
                    "description": "Microsoft Office 365 is a cloud-based service that is designed to help meet your organization's needs for robust security, reliability, and user productivity.",
                    "iconUri": "[concat('https://connectoricons-prod.azureedge.net/releases/v1.0.1613/1.0.1613.3125/', parameters('connections_office365_name'), '/icon.png')]",
                    "brandColor": "#0078D4",
                    "id": "[concat(subscription().id,'/providers/Microsoft.Web/locations/', resourceGroup().location, '/managedApis/office365')]",
                    "type": "Microsoft.Web/locations/managedApis"
                },
                "testLinks": []
            }
        }
    ]
}