{
    "$schema": "https://schema.management.azure.com/schemas/2019-04-01/deploymentTemplate.json#",
    "contentVersion": "1.0.0.0",
    "parameters": {},
    "variables": {},
    "resources": [
        {
            "type": "Microsoft.Logic/workflows",
            "apiVersion": "2017-07-01",
            "name": "StampGuestsEligibleForSunset",
            "location": "westeurope",
            "identity": {
                "type": "SystemAssigned"
            },
            "properties": {
                "state": "Enabled",
                "definition": {
                    "$schema": "https://schema.management.azure.com/providers/Microsoft.Logic/schemas/2016-06-01/workflowdefinition.json#",
                    "parameters": {
                        "GuestSourceGroup": {
                            "defaultValue": "7d32dcc3-a9c9-46f9-9f81-5d709ad57589",
                            "type": "String"
                        },
                        "Audience": {
                            "defaultValue": "https://graph.microsoft.com",
                            "type": "String"
                        },
                        "Threshold": {
                            "defaultValue": 180,
                            "type": "Int"
                        },
                        "ReportOnly": {
                            "defaultValue": true,
                            "type": "Bool"
                        },
                        "$connections": {
                            "defaultValue": {},
                            "type": "Object"
                        }
                    },
                    "triggers": {
                        "Recurrence": {
                            "recurrence": {
                                "frequency": "Week",
                                "interval": 1,
                                "schedule": {
                                    "weekDays": [
                                        "Sunday"
                                    ],
                                    "hours": [
                                        1
                                    ],
                                    "minutes": [
                                        0
                                    ]
                                }
                            },
                            "evaluatedRecurrence": {
                                "frequency": "Week",
                                "interval": 1,
                                "schedule": {
                                    "weekDays": [
                                        "Sunday"
                                    ],
                                    "hours": [
                                        1
                                    ],
                                    "minutes": [
                                        0
                                    ]
                                }
                            },
                            "type": "Recurrence"
                        }
                    },
                    "actions": {
                        "Initialize_Threshold": {
                            "runAfter": {},
                            "type": "InitializeVariable",
                            "inputs": {
                                "variables": [
                                    {
                                        "name": "Threshold",
                                        "type": "string",
                                        "value": "@{formatDateTime(subtractFromTime(utcNow(), parameters('Threshold'), 'Day'), 'yyyy-MM-ddTHH:mm:ssZ')}"
                                    }
                                ]
                            }
                        },
                        "Initialize_Report_Array": {
                            "runAfter": {
                                "Initialize_Threshold": [
                                    "Succeeded"
                                ]
                            },
                            "type": "InitializeVariable",
                            "inputs": {
                                "variables": [
                                    {
                                        "name": "ReportArray",
                                        "type": "array",
                                        "value": []
                                    }
                                ]
                            }
                        },
                        "List_group_members": {
                            "runAfter": {
                                "Initialize_Report_Array": [
                                    "Succeeded"
                                ]
                            },
                            "type": "ApiConnection",
                            "inputs": {
                                "host": {
                                    "connection": {
                                        "name": "@parameters('$connections')['office365groups']['connectionId']"
                                    }
                                },
                                "method": "get",
                                "path": "/v1.0/groups/@{encodeURIComponent(parameters('GuestSourceGroup'))}/members"
                            },
                            "runtimeConfiguration": {
                                "paginationPolicy": {
                                    "minimumItemCount": 50000
                                }
                            }
                        },
                        "For_each": {
                            "foreach": "@body('List_group_members')?['value']",
                            "actions": {
                                "GetUserInfo": {
                                    "type": "Http",
                                    "inputs": {
                                        "uri": "https://graph.microsoft.com/beta/users/@{item()?['id']}?$select=displayName,userPrincipalName,externalUserState,createdDateTime,signInActivity",
                                        "method": "GET",
                                        "authentication": {
                                            "type": "ManagedServiceIdentity",
                                            "audience": "@{parameters('Audience')}"
                                        }
                                    },
                                    "runtimeConfiguration": {
                                        "contentTransfer": {
                                            "transferMode": "Chunked"
                                        }
                                    }
                                },
                                "CheckForMissingSignInActivity": {
                                    "actions": {
                                        "CheckCreatedDateTime": {
                                            "actions": {
                                                "Add_to_Report_Never_Logged_In": {
                                                    "type": "AppendToArrayVariable",
                                                    "inputs": {
                                                        "name": "ReportArray",
                                                        "value": {
                                                            "userId": "@{item()?['id']}",
                                                            "displayName": "@{body('GetUserInfo')?['displayName']}",
                                                            "userPrincipalName": "@{body('GetUserInfo')?['userPrincipalName']}",
                                                            "reason": "Never logged in- Account created before threshold",
                                                            "createdDateTime": "@{body('GetUserInfo')?['createdDateTime']}",
                                                            "externalUserState": "@{body('GetUserInfo')?['externalUserState']}",
                                                            "lastSignInDateTime": "N/A",
                                                            "lastSuccessfulSignInDateTime": "N/A",
                                                            "lastNonInteractiveSignInDateTime": "N/A",
                                                            "daysSinceCreated": "@div(sub(ticks(utcNow()), ticks(body('GetUserInfo')?['createdDateTime'])), 864000000000)",
                                                            "daysSinceLastSignIn": "N/A",
                                                            "actionTaken": "@if(parameters('ReportOnly'), 'REPORT ONLY - Would disable account and stamp for sunset', 'Account disabled and stamped for sunset')",
                                                            "timestamp": "@{utcNow()}"
                                                        }
                                                    }
                                                },
                                                "reportOnlyCheck-S1": {
                                                    "actions": {
                                                        "NeverLoggedIn-DisableAccountAndStampForSunset": {
                                                            "type": "Http",
                                                            "inputs": {
                                                                "uri": "https://graph.microsoft.com/v1.0/users/@{item()?['id']}",
                                                                "method": "PATCH",
                                                                "body": {
                                                                    "accountEnabled": false,
                                                                    "onPremisesExtensionAttributes": {
                                                                        "extensionAttribute14": "Stamped for sunset",
                                                                        "extensionAttribute15": "@{utcNow()}"
                                                                    }
                                                                },
                                                                "authentication": {
                                                                    "type": "ManagedServiceIdentity",
                                                                    "audience": "@{parameters('Audience')}"
                                                                }
                                                            },
                                                            "runtimeConfiguration": {
                                                                "contentTransfer": {
                                                                    "transferMode": "Chunked"
                                                                }
                                                            }
                                                        }
                                                    },
                                                    "runAfter": {
                                                        "Add_to_Report_Never_Logged_In": [
                                                            "Succeeded"
                                                        ]
                                                    },
                                                    "else": {
                                                        "actions": {}
                                                    },
                                                    "expression": {
                                                        "and": [
                                                            {
                                                                "equals": [
                                                                    "@parameters('ReportOnly')",
                                                                    false
                                                                ]
                                                            }
                                                        ]
                                                    },
                                                    "type": "If"
                                                }
                                            },
                                            "else": {
                                                "actions": {}
                                            },
                                            "expression": {
                                                "and": [
                                                    {
                                                        "less": [
                                                            "@body('GetuserInfo')?['createdDateTime']",
                                                            "@variables('Threshold')"
                                                        ]
                                                    }
                                                ]
                                            },
                                            "type": "If"
                                        }
                                    },
                                    "runAfter": {
                                        "GetUserInfo": [
                                            "Succeeded"
                                        ]
                                    },
                                    "else": {
                                        "actions": {
                                            "CheckThreshold": {
                                                "actions": {
                                                    "Add_to_Report_Inactive": {
                                                        "type": "AppendToArrayVariable",
                                                        "inputs": {
                                                            "name": "ReportArray",
                                                            "value": {
                                                                "userId": "@{item()?['id']}",
                                                                "displayName": "@{body('GetUserInfo')?['displayName']}",
                                                                "userPrincipalName": "@{body('GetUserInfo')?['userPrincipalName']}",
                                                                "reason": "Inactive - Last sign-in before threshold",
                                                                "createdDateTime": "@body('GetUserInfo')?['createdDateTime']",
                                                                "externalUserState": "@body('GetUserInfo')?['externalUserState']",
                                                                "lastSignInDateTime": "@{body('GetUserInfo')?['signInActivity']?['lastSignInDateTime']}",
                                                                "lastSuccessfulSignInDateTime": "@{body('GetUserInfo')?['signInActivity']?['lastSuccessfulSignInDateTime']}",
                                                                "lastNonInteractiveSignInDateTime": "@{body('GetUserInfo')?['signInActivity']?['lastNonInteractiveSignInDateTime']}",
                                                                "daysSinceCreated": "@div(sub(ticks(utcNow()), ticks(body('GetUserInfo')?['createdDateTime'])), 864000000000)",
                                                                "daysSinceLastSignIn": "@if(empty(body('GetUserInfo')?['signInActivity']?['lastSuccessfulSignInDateTime']), null, div(sub(ticks(utcNow()), ticks(body('GetUserInfo')?['signInActivity']?['lastSuccessfulSignInDateTime'])), 864000000000))",
                                                                "actionTaken": "@if(parameters('ReportOnly'), 'REPORT ONLY - Would disable account and stamp for sunset', 'Account disabled and stamped for sunset')",
                                                                "timestamp": "@{utcNow()}"
                                                            }
                                                        }
                                                    },
                                                    "reportOnlyCheck-S2": {
                                                        "actions": {
                                                            "Inactive-DisableAccountAndStampForSunset": {
                                                                "type": "Http",
                                                                "inputs": {
                                                                    "uri": "https://graph.microsoft.com/v1.0/users/@{item()?['id']}",
                                                                    "method": "PATCH",
                                                                    "body": {
                                                                        "accountEnabled": false,
                                                                        "onPremisesExtensionAttributes": {
                                                                            "extensionAttribute14": "Stamped for sunset",
                                                                            "extensionAttribute15": "@{utcNow()}"
                                                                        }
                                                                    },
                                                                    "authentication": {
                                                                        "type": "ManagedServiceIdentity",
                                                                        "audience": "@{parameters('Audience')}"
                                                                    }
                                                                },
                                                                "runtimeConfiguration": {
                                                                    "contentTransfer": {
                                                                        "transferMode": "Chunked"
                                                                    }
                                                                }
                                                            }
                                                        },
                                                        "runAfter": {
                                                            "Add_to_Report_Inactive": [
                                                                "Succeeded"
                                                            ]
                                                        },
                                                        "else": {
                                                            "actions": {}
                                                        },
                                                        "expression": {
                                                            "and": [
                                                                {
                                                                    "equals": [
                                                                        "@parameters('ReportOnly')",
                                                                        false
                                                                    ]
                                                                }
                                                            ]
                                                        },
                                                        "type": "If"
                                                    }
                                                },
                                                "else": {
                                                    "actions": {}
                                                },
                                                "expression": {
                                                    "and": [
                                                        {
                                                            "less": [
                                                                "@body('GetUserInfo')?['signInActivity']?['lastSuccessfulSignInDateTime']",
                                                                "@variables('Threshold')"
                                                            ]
                                                        }
                                                    ]
                                                },
                                                "type": "If"
                                            }
                                        }
                                    },
                                    "expression": {
                                        "and": [
                                            {
                                                "equals": [
                                                    "@contains(body('GetUserInfo'), 'signInActivity')",
                                                    "@false"
                                                ]
                                            }
                                        ]
                                    },
                                    "type": "If"
                                }
                            },
                            "runAfter": {
                                "List_group_members": [
                                    "Succeeded"
                                ]
                            },
                            "type": "Foreach"
                        },
                        "Generate_JSON_Report": {
                            "runAfter": {
                                "For_each": [
                                    "Succeeded"
                                ]
                            },
                            "type": "Compose",
                            "inputs": {
                                "reportMetadata": {
                                    "runDate": "@formatDateTime(utcNow(), 'yyyy-MM-dd HH:mm:ss')",
                                    "runDateISO": "@utcNow()",
                                    "mode": "@if(parameters('ReportOnly'), 'Report Only', 'Production')",
                                    "thresholdDays": "@parameters('Threshold')",
                                    "thresholdDate": "@variables('Threshold')",
                                    "totalUsersProcessed": "@length(body('List_group_members')?['value'])",
                                    "usersAffected": "@length(variables('ReportArray'))",
                                    "guestSourceGroup": "@parameters('GuestSourceGroup')"
                                },
                                "summary": {
                                    "totalAffectedUsers": "@length(variables('ReportArray'))",
                                    "accountsDisabled": "@if(parameters('ReportOnly'), 0, length(variables('ReportArray')))",
                                    "reportOnlyMode": "@parameters('ReportOnly')"
                                },
                                "affectedUsers": "@variables('ReportArray')",
                                "configuration": {
                                    "audience": "@parameters('Audience')",
                                    "reportOnly": "@parameters('ReportOnly')",
                                    "threshold": "@parameters('Threshold')"
                                }
                            }
                        }
                    }
                },
                "parameters": {
                    "$connections": {
                        "value": {
                            "office365groups": {
                                "id": "/subscriptions/2d0dfdf2-2d6c-406e-9163-2b0ff24f70b0/providers/Microsoft.Web/locations/westeurope/managedApis/office365groups",
                                "connectionId": "/subscriptions/2d0dfdf2-2d6c-406e-9163-2b0ff24f70b0/resourceGroups/EntraSec/providers/Microsoft.Web/connections/office365groups",
                                "connectionName": "office365groups",
                                "connectionProperties": {
                                    "authentication": {
                                        "type": "ManagedServiceIdentity"
                                    }
                                }
                            }
                        }
                    }
                }
            }
        }
    ]
}