{
    "$schema": "https://schema.management.azure.com/schemas/2019-04-01/deploymentTemplate.json#",
    "contentVersion": "1.0.0.0",
    "parameters": {
        "workflows_newTAPandWelcomeEmail_name": {
            "defaultValue": "newTAPandWelcomeEmail",
            "type": "String"
        },
        "connections_office365_externalid": {
            "defaultValue": "/subscriptions/e0a2e597-6c68-4428-bd7e-48a3ba1d5500/resourceGroups/Demo/providers/Microsoft.Web/connections/office365",
            "type": "String"
        },
        "connections_twilio_externalid": {
            "defaultValue": "/subscriptions/e0a2e597-6c68-4428-bd7e-48a3ba1d5500/resourceGroups/Demo/providers/Microsoft.Web/connections/twilio",
            "type": "String"
        }
    },
    "variables": {},
    "resources": [
        {
            "type": "Microsoft.Logic/workflows",
            "apiVersion": "2017-07-01",
            "name": "[parameters('workflows_newTAPandWelcomeEmail_name')]",
            "location": "westeurope",
            "tags": {
                "Purpose": "Azure AD Lifecycle Workflows"
            },
            "identity": {
                "type": "SystemAssigned"
            },
            "properties": {
                "state": "Enabled",
                "definition": {
                    "$schema": "https://schema.management.azure.com/providers/Microsoft.Logic/schemas/2016-06-01/workflowdefinition.json#",
                    "contentVersion": "1.0.0.0",
                    "parameters": {
                        "$connections": {
                            "defaultValue": {},
                            "type": "Object"
                        }
                    },
                    "triggers": {
                        "manual": {
                            "type": "Request",
                            "kind": "Http",
                            "inputs": {
                                "schema": {
                                    "properties": {
                                        "data": {
                                            "properties": {
                                                "callbackUriPath": {
                                                    "description": "CallbackUriPath used for Resume Action",
                                                    "title": "Data.CallbackUriPath",
                                                    "type": "string"
                                                },
                                                "subject": {
                                                    "properties": {
                                                        "displayName": {
                                                            "description": "DisplayName of the Subject",
                                                            "title": "Subject.DisplayName",
                                                            "type": "string"
                                                        },
                                                        "email": {
                                                            "description": "Email of the Subject",
                                                            "title": "Subject.Email",
                                                            "type": "string"
                                                        },
                                                        "id": {
                                                            "description": "Id of the Subject",
                                                            "title": "Subject.Id",
                                                            "type": "string"
                                                        },
                                                        "manager": {
                                                            "properties": {
                                                                "displayName": {
                                                                    "description": "DisplayName parameter for Manager",
                                                                    "title": "Manager.DisplayName",
                                                                    "type": "string"
                                                                },
                                                                "email": {
                                                                    "description": "Mail parameter for Manager",
                                                                    "title": "Manager.Mail",
                                                                    "type": "string"
                                                                },
                                                                "id": {
                                                                    "description": "Id parameter for Manager",
                                                                    "title": "Manager.Id",
                                                                    "type": "string"
                                                                }
                                                            },
                                                            "type": "object"
                                                        },
                                                        "userPrincipalName": {
                                                            "description": "UserPrincipalName of the Subject",
                                                            "title": "Subject.UserPrincipalName",
                                                            "type": "string"
                                                        }
                                                    },
                                                    "type": "object"
                                                },
                                                "task": {
                                                    "properties": {
                                                        "displayName": {
                                                            "description": "DisplayName for Task Object",
                                                            "title": "Task.DisplayName",
                                                            "type": "string"
                                                        },
                                                        "id": {
                                                            "description": "Id for Task Object",
                                                            "title": "Task.Id",
                                                            "type": "string"
                                                        }
                                                    },
                                                    "type": "object"
                                                },
                                                "taskProcessingResult": {
                                                    "properties": {
                                                        "createdDateTime": {
                                                            "description": "CreatedDateTime for TaskProcessingResult Object",
                                                            "title": "TaskProcessingResult.CreatedDateTime",
                                                            "type": "string"
                                                        },
                                                        "id": {
                                                            "description": "Id for TaskProcessingResult Object",
                                                            "title": "TaskProcessingResult.Id",
                                                            "type": "string"
                                                        }
                                                    },
                                                    "type": "object"
                                                },
                                                "workflow": {
                                                    "properties": {
                                                        "displayName": {
                                                            "description": "DisplayName for Workflow Object",
                                                            "title": "Workflow.DisplayName",
                                                            "type": "string"
                                                        },
                                                        "id": {
                                                            "description": "Id for Workflow Object",
                                                            "title": "Workflow.Id",
                                                            "type": "string"
                                                        },
                                                        "workflowVerson": {
                                                            "description": "WorkflowVersion for Workflow Object",
                                                            "title": "Workflow.WorkflowVersion",
                                                            "type": "integer"
                                                        }
                                                    },
                                                    "type": "object"
                                                }
                                            },
                                            "type": "object"
                                        },
                                        "source": {
                                            "description": "Context in which an event happened",
                                            "title": "Request.Source",
                                            "type": "string"
                                        },
                                        "type": {
                                            "description": "Value describing the type of event related to the originating occurrence.",
                                            "title": "Request.Type",
                                            "type": "string"
                                        }
                                    },
                                    "type": "object"
                                }
                            }
                        }
                    },
                    "actions": {
                        "Compose_private_email": {
                            "runAfter": {
                                "Parse_Private_Email": [
                                    "Succeeded"
                                ]
                            },
                            "type": "Compose",
                            "inputs": "@first(body('Parse_Private_Email')?['otherMails'])"
                        },
                        "Create_New_Temporary_Access_Pass": {
                            "runAfter": {
                                "Compose_private_email": [
                                    "Succeeded"
                                ]
                            },
                            "type": "Http",
                            "inputs": {
                                "authentication": {
                                    "audience": "@variables('Audience')",
                                    "type": "ManagedServiceIdentity"
                                },
                                "body": {},
                                "method": "POST",
                                "uri": "https://graph.microsoft.com/beta/users/@{triggerBody()?['data']?['subject']?['id']}/authentication/temporaryAccessPassMethods"
                            }
                        },
                        "Get_Private_Email": {
                            "runAfter": {
                                "Parse_User_Info": [
                                    "Succeeded"
                                ]
                            },
                            "type": "Http",
                            "inputs": {
                                "authentication": {
                                    "audience": "@variables('Audience')",
                                    "type": "ManagedServiceIdentity"
                                },
                                "method": "GET",
                                "uri": "https://graph.microsoft.com/beta/users/@{triggerBody()?['data']?['subject']?['id']}?$select=otherMails"
                            }
                        },
                        "Get_more_info_from_subject": {
                            "runAfter": {
                                "Initialize_variable_Audience": [
                                    "Succeeded"
                                ]
                            },
                            "type": "Http",
                            "inputs": {
                                "authentication": {
                                    "audience": "@variables('Audience')",
                                    "type": "ManagedServiceIdentity"
                                },
                                "method": "GET",
                                "uri": "https://graph.microsoft.com/v1.0/users/@{triggerBody()?['data']?['subject']?['id']}"
                            }
                        },
                        "HTTP": {
                            "runAfter": {
                                "Send_an_email_from_a_shared_mailbox_(V2)": [
                                    "Succeeded"
                                ]
                            },
                            "type": "Http",
                            "inputs": {
                                "authentication": {
                                    "audience": "https://graph.microsoft.com",
                                    "type": "ManagedServiceIdentity"
                                },
                                "body": {
                                    "data": {
                                        "operationStatus": "Completed"
                                    },
                                    "source": "sample",
                                    "type": "lifecycleEvent"
                                },
                                "method": "POST",
                                "uri": "https://graph.microsoft.com/beta@{triggerBody()?['data']?['callbackUriPath']}"
                            }
                        },
                        "Initialize_variable_Audience": {
                            "runAfter": {},
                            "type": "InitializeVariable",
                            "inputs": {
                                "variables": [
                                    {
                                        "name": "Audience",
                                        "type": "string",
                                        "value": "https://graph.microsoft.com"
                                    }
                                ]
                            }
                        },
                        "Parse_Private_Email": {
                            "runAfter": {
                                "Get_Private_Email": [
                                    "Succeeded"
                                ]
                            },
                            "type": "ParseJson",
                            "inputs": {
                                "content": "@body('Get_Private_Email')",
                                "schema": {
                                    "properties": {
                                        "@@odata.context": {
                                            "type": "string"
                                        },
                                        "otherMails": {
                                            "items": {
                                                "type": "string"
                                            },
                                            "type": "array"
                                        }
                                    },
                                    "type": "object"
                                }
                            }
                        },
                        "Parse_User_Info": {
                            "runAfter": {
                                "Get_more_info_from_subject": [
                                    "Succeeded"
                                ]
                            },
                            "type": "ParseJson",
                            "inputs": {
                                "content": "@body('Get_more_info_from_subject')",
                                "schema": {
                                    "properties": {
                                        "@@odata.context": {
                                            "type": "string"
                                        },
                                        "businessPhones": {
                                            "items": {
                                                "type": "string"
                                            },
                                            "type": "array"
                                        },
                                        "displayName": {
                                            "type": "string"
                                        },
                                        "givenName": {
                                            "type": "string"
                                        },
                                        "id": {
                                            "type": "string"
                                        },
                                        "jobTitle": {
                                            "type": "string"
                                        },
                                        "mail": {
                                            "type": "string"
                                        },
                                        "mobilePhone": {
                                            "type": "string"
                                        },
                                        "officeLocation": {
                                            "type": "string"
                                        },
                                        "preferredLanguage": {},
                                        "surname": {
                                            "type": "string"
                                        },
                                        "userPrincipalName": {
                                            "type": "string"
                                        }
                                    },
                                    "type": "object"
                                }
                            }
                        },
                        "Parse_new_Temporary_Access_Pass": {
                            "runAfter": {
                                "Create_New_Temporary_Access_Pass": [
                                    "Succeeded"
                                ]
                            },
                            "type": "ParseJson",
                            "inputs": {
                                "content": "@body('Create_New_Temporary_Access_Pass')",
                                "schema": {
                                    "properties": {
                                        "@@odata.context": {
                                            "type": "string"
                                        },
                                        "createdDateTime": {
                                            "type": "string"
                                        },
                                        "id": {
                                            "type": "string"
                                        },
                                        "isUsable": {
                                            "type": "boolean"
                                        },
                                        "isUsableOnce": {
                                            "type": "boolean"
                                        },
                                        "lifetimeInMinutes": {
                                            "type": "integer"
                                        },
                                        "methodUsabilityReason": {
                                            "type": "string"
                                        },
                                        "startDateTime": {
                                            "type": "string"
                                        },
                                        "temporaryAccessPass": {
                                            "type": "string"
                                        }
                                    },
                                    "type": "object"
                                }
                            }
                        },
                        "Send_Text_Message_(SMS)": {
                            "runAfter": {
                                "Parse_new_Temporary_Access_Pass": [
                                    "Succeeded"
                                ]
                            },
                            "type": "ApiConnection",
                            "inputs": {
                                "body": {
                                    "body": "Hey @{body('Parse_User_Info')?['givenName']} , \n\nHere is your Temporary Access Pass:\n\n 🔐 @{body('Parse_new_Temporary_Access_Pass')?['temporaryAccessPass']}\n\nWe've sent you an email with additional information.\n\nIf something is wrong, please reach out to your manager:\n\n@{triggerBody()?['data']?['subject']?['manager']?['displayName']}\n@{triggerBody()?['data']?['subject']?['manager']?['email']}\n\nCheers! 🍻",
                                    "from": "+3197010206033",
                                    "to": "@body('Parse_User_Info')?['mobilePhone']"
                                },
                                "host": {
                                    "connection": {
                                        "name": "@parameters('$connections')['twilio']['connectionId']"
                                    }
                                },
                                "method": "post",
                                "path": "/Messages.json"
                            }
                        },
                        "Send_an_email_from_a_shared_mailbox_(V2)": {
                            "runAfter": {
                                "Send_Text_Message_(SMS)": [
                                    "Succeeded"
                                ]
                            },
                            "type": "ApiConnection",
                            "inputs": {
                                "body": {
                                    "Body": "<p>Hey @{body('Parse_User_Info')?['givenName']},<br>\n<br>\nWelcome onboard! Just want to let you know that we are looking forward to see you on your first day of work.<br>\n<br>\nTo hit the floor running, you can prepare your work account using this information:<br>\n<br>\nYour username and email-address is:@{body('Parse_User_Info')?['userPrincipalName']}<br>\nYour (temporary) password will be sent via SMS, on your mobile number ending with XXXXXX@{substring(body('Parse_User_Info')?['mobilePhone'],9)}<br>\n<br>\nPlease go to https://portal.office.com to setup your account. &nbsp;<br>\n<br>\nIf you face any issue, please check with your manager:<br>\n<br>\n@{triggerBody()?['data']?['subject']?['manager']?['displayName']}<br>\n@{triggerBody()?['data']?['subject']?['manager']?['email']}<br>\n<br>\n<br>\nCheers!</p>",
                                    "Cc": "@triggerBody()?['data']?['subject']?['manager']?['email']",
                                    "Importance": "Normal",
                                    "MailboxAddress": "hr@M365x341716.onmicrosoft.com",
                                    "Subject": "🚀 Welcome aboard @{body('Parse_User_Info')?['givenName']}!",
                                    "To": "@{outputs('Compose_private_email')}"
                                },
                                "host": {
                                    "connection": {
                                        "name": "@parameters('$connections')['office365']['connectionId']"
                                    }
                                },
                                "method": "post",
                                "path": "/v2/SharedMailbox/Mail"
                            }
                        }
                    },
                    "outputs": {}
                },
                "parameters": {
                    "$connections": {
                        "value": {
                            "office365": {
                                "connectionId": "[parameters('connections_office365_externalid')]",
                                "connectionName": "office365",
                                "id": "/subscriptions/e0a2e597-6c68-4428-bd7e-48a3ba1d5500/providers/Microsoft.Web/locations/westeurope/managedApis/office365"
                            },
                            "twilio": {
                                "connectionId": "[parameters('connections_twilio_externalid')]",
                                "connectionName": "twilio",
                                "id": "/subscriptions/e0a2e597-6c68-4428-bd7e-48a3ba1d5500/providers/Microsoft.Web/locations/westeurope/managedApis/twilio"
                            }
                        }
                    }
                }
            }
        }
    ]
}