{
    "$schema": "https://schema.management.azure.com/schemas/2019-04-01/deploymentTemplate.json#",
    "contentVersion": "1.0.0.0",
    "parameters": {
        "workflows_RevokeRefreshTokensForDisabledUsers_name": {
            "defaultValue": "RevokeRefreshTokensForDisabledUsers",
            "type": "String"
        },
        "connections_office365groups_externalid": {
            "defaultValue": "/subscriptions/cf90be6d-b1a0-42a9-a904-660cc0c40c7f/resourceGroups/IAM-LCM/providers/Microsoft.Web/connections/office365groups",
            "type": "String"
        }
    },
    "variables": {},
    "resources": [
        {
            "type": "Microsoft.Logic/workflows",
            "apiVersion": "2017-07-01",
            "name": "[parameters('workflows_RevokeRefreshTokensForDisabledUsers_name')]",
            "location": "westeurope",
            "identity": {
                "type": "SystemAssigned"
            },
            "properties": {
                "state": "Enabled",
                "definition": {
                    "$schema": "https://schema.management.azure.com/providers/Microsoft.Logic/schemas/2016-06-01/workflowdefinition.json#",
                    "contentVersion": "1.0.0.0",
                    "parameters": {
                        "GroupID": {
                            "defaultValue": "f6198ccb-0024-467f-9570-72c2156c7b97",
                            "type": "String"
                        },
                        "Audience": {
                            "defaultValue": "https://graph.microsoft.com",
                            "type": "String"
                        },
                        "$connections": {
                            "defaultValue": {},
                            "type": "Object"
                        }
                    },
                    "triggers": {
                        "When_a_group_member_is_added_or_removed": {
                            "recurrence": {
                                "interval": 1,
                                "frequency": "Minute",
                                "timeZone": "W. Europe Standard Time"
                            },
                            "evaluatedRecurrence": {
                                "interval": 1,
                                "frequency": "Minute",
                                "timeZone": "W. Europe Standard Time"
                            },
                            "splitOn": "@triggerBody()",
                            "type": "ApiConnection",
                            "inputs": {
                                "host": {
                                    "connection": {
                                        "name": "@parameters('$connections')['office365groups']['connectionId']"
                                    }
                                },
                                "method": "get",
                                "path": "/trigger/v1.0/groups/delta",
                                "queries": {
                                    "groupId": "@parameters('GroupID')",
                                    "$select": "members"
                                }
                            },
                            "conditions": [
                                {
                                    "expression": "@empty(triggerBody()?['@removed'])"
                                }
                            ]
                        }
                    },
                    "actions": {
                        "RevokeUserRefreshToken": {
                            "runAfter": {},
                            "type": "Http",
                            "inputs": {
                                "uri": "https://graph.microsoft.com/v1.0/users/@{triggerBody()?['id']}/revokeSignInSessions",
                                "method": "POST",
                                "authentication": {
                                    "type": "ManagedServiceIdentity",
                                    "audience": "@{parameters('Audience')}"
                                }
                            },
                            "runtimeConfiguration": {
                                "contentTransfer": {
                                    "transferMode": "Chunked"
                                }
                            }
                        }
                    },
                    "outputs": {}
                },
                "parameters": {
                    "$connections": {
                        "value": {
                            "office365groups": {
                                "id": "/subscriptions/cf90be6d-b1a0-42a9-a904-660cc0c40c7f/providers/Microsoft.Web/locations/westeurope/managedApis/office365groups",
                                "connectionId": "[parameters('connections_office365groups_externalid')]",
                                "connectionName": "office365groups",
                                "connectionProperties": {
                                    "authentication": {
                                        "type": "ManagedServiceIdentity"
                                    }
                                }
                            }
                        }
                    }
                }
            }
        }
    ]
}